query,ref,identity
query1,reference,0.9945054945054945
query2,reference,0.978021978021978
query3,reference,0.978021978021978
